Province,City,Barangay
AURORA,BALER (CAPITAL),BARANGAY I (POB.)
AURORA,BALER (CAPITAL),BARANGAY II (POB.)
AURORA,BALER (CAPITAL),BARANGAY III (POB.)
AURORA,BALER (CAPITAL),BARANGAY IV (POB.)
AURORA,BALER (CAPITAL),BARANGAY V (POB.)
AURORA,BALER (CAPITAL),BUHANGIN
AURORA,BALER (CAPITAL),CALABUANAN
AURORA,BALER (CAPITAL),OBLIGACION
AURORA,BALER (CAPITAL),PINGIT
AURORA,BALER (CAPITAL),RESERVA
AURORA,BALER (CAPITAL),SABANG
AURORA,BALER (CAPITAL),SUCLAYIN
AURORA,BALER (CAPITAL),ZABALI
AURORA,CASIGURAN,BARANGAY 1 (POB.)
AURORA,CASIGURAN,BARANGAY 2 (POB.)
AURORA,CASIGURAN,BARANGAY 3 (POB.)
AURORA,CASIGURAN,BARANGAY 4 (POB.)
AURORA,CASIGURAN,BARANGAY 5 (POB.)
AURORA,CASIGURAN,BARANGAY 6 (POB.)
AURORA,CASIGURAN,BARANGAY 7 (POB.)
AURORA,CASIGURAN,BARANGAY 8 (POB.)
AURORA,CASIGURAN,CALABGAN
AURORA,CASIGURAN,CALANGCUASAN
AURORA,CASIGURAN,CALANTAS
AURORA,CASIGURAN,CULAT
AURORA,CASIGURAN,DIBET
AURORA,CASIGURAN,ESPERANZA
AURORA,CASIGURAN,LUAL
AURORA,CASIGURAN,MARIKIT
AURORA,CASIGURAN,TABAS
AURORA,CASIGURAN,TINIB
AURORA,CASIGURAN,BIANUAN
AURORA,CASIGURAN,COZO
AURORA,CASIGURAN,DIBACONG
AURORA,CASIGURAN,DITINAGYAN
AURORA,CASIGURAN,ESTEVES
AURORA,CASIGURAN,SAN ILDEFONSO
AURORA,DILASAG,DIAGYAN
AURORA,DILASAG,DICABASAN
AURORA,DILASAG,DILAGUIDI
AURORA,DILASAG,DIMASESET
AURORA,DILASAG,DINIOG
AURORA,DILASAG,LAWANG
AURORA,DILASAG,MALIGAYA (POB.)
AURORA,DILASAG,MANGGITAHAN
AURORA,DILASAG,MASAGANA (POB.)
AURORA,DILASAG,URA
AURORA,DILASAG,ESPERANZA
AURORA,DINALUNGAN,ABULEG
AURORA,DINALUNGAN,ZONE I (POB.)
AURORA,DINALUNGAN,ZONE II (POB.)
AURORA,DINALUNGAN,NIPOO (BULO)
AURORA,DINALUNGAN,DIBARAYBAY
AURORA,DINALUNGAN,DITAWINI
AURORA,DINALUNGAN,MAPALAD
AURORA,DINALUNGAN,PALEG
AURORA,DINALUNGAN,SIMBAHAN
AURORA,DINGALAN,APLAYA
AURORA,DINGALAN,BUTAS NA BATO
AURORA,DINGALAN,CABOG (MATAWE)
AURORA,DINGALAN,CARAGSACAN
AURORA,DINGALAN,DAVILDAVILAN
AURORA,DINGALAN,DIKAPANIKIAN
AURORA,DINGALAN,IBONA
AURORA,DINGALAN,PALTIC
AURORA,DINGALAN,POBLACION
AURORA,DINGALAN,TANAWAN
AURORA,DINGALAN,UMIRAY (MALAMIG)
AURORA,DIPACULAO,BAYABAS
AURORA,DIPACULAO,BUENAVISTA
AURORA,DIPACULAO,BORLONGAN
AURORA,DIPACULAO,CALAOCAN
AURORA,DIPACULAO,DIANED
AURORA,DIPACULAO,DIARABASIN
AURORA,DIPACULAO,DIBUTUNAN
AURORA,DIPACULAO,DIMABUNO
AURORA,DIPACULAO,DINADIAWAN
AURORA,DIPACULAO,DITALE
AURORA,DIPACULAO,GUPA
AURORA,DIPACULAO,IPIL
AURORA,DIPACULAO,LABOY
AURORA,DIPACULAO,LIPIT
AURORA,DIPACULAO,LOBBOT
AURORA,DIPACULAO,MALIGAYA
AURORA,DIPACULAO,MIJARES
AURORA,DIPACULAO,MUCDOL
AURORA,DIPACULAO,NORTH POBLACION
AURORA,DIPACULAO,PUANGI
AURORA,DIPACULAO,SALAY
AURORA,DIPACULAO,SAPANGKAWAYAN
AURORA,DIPACULAO,SOUTH POBLACION
AURORA,DIPACULAO,TOYTOYAN
AURORA,DIPACULAO,DIAMANEN
AURORA,MARIA AURORA,ALCALA
AURORA,MARIA AURORA,BAGTU
AURORA,MARIA AURORA,BANGCO
AURORA,MARIA AURORA,BANNAWAG
AURORA,MARIA AURORA,BARANGAY I (POB.)
AURORA,MARIA AURORA,BARANGAY II (POB.)
AURORA,MARIA AURORA,BARANGAY III (POB.)
AURORA,MARIA AURORA,BARANGAY IV (POB.)
AURORA,MARIA AURORA,BAUBO
AURORA,MARIA AURORA,BAYANIHAN
AURORA,MARIA AURORA,BAZAL
AURORA,MARIA AURORA,CABITUCULAN EAST
AURORA,MARIA AURORA,CABITUCULAN WEST
AURORA,MARIA AURORA,DEBUCAO
AURORA,MARIA AURORA,DECOLIAT
AURORA,MARIA AURORA,DETAILEN
AURORA,MARIA AURORA,DIAAT
AURORA,MARIA AURORA,DIALATMAN
AURORA,MARIA AURORA,DIAMAN
AURORA,MARIA AURORA,DIANAWAN
AURORA,MARIA AURORA,DIKILDIT
AURORA,MARIA AURORA,DIMANPUDSO
AURORA,MARIA AURORA,DIOME
AURORA,MARIA AURORA,ESTONILO
AURORA,MARIA AURORA,FLORIDA
AURORA,MARIA AURORA,GALINTUJA
AURORA,MARIA AURORA,CADAYACAN
AURORA,MARIA AURORA,MALASIN
AURORA,MARIA AURORA,PONGLO
AURORA,MARIA AURORA,QUIRINO
AURORA,MARIA AURORA,RAMADA
AURORA,MARIA AURORA,SAN JOAQUIN
AURORA,MARIA AURORA,SAN JOSE
AURORA,MARIA AURORA,SAN LEONARDO
AURORA,MARIA AURORA,SANTA LUCIA
AURORA,MARIA AURORA,SANTO TOMAS
AURORA,MARIA AURORA,SUGUIT
AURORA,MARIA AURORA,VILLA AURORA
AURORA,MARIA AURORA,WENCESLAO
AURORA,MARIA AURORA,SAN JUAN
AURORA,SAN LUIS,BACONG
AURORA,SAN LUIS,BARANGAY I (POB.)
AURORA,SAN LUIS,BARANGAY II (POB.)
AURORA,SAN LUIS,BARANGAY III (POB.)
AURORA,SAN LUIS,BARANGAY IV (POB.)
AURORA,SAN LUIS,DIBALO
AURORA,SAN LUIS,DIBAYABAY
AURORA,SAN LUIS,DIBUT
AURORA,SAN LUIS,DIKAPINISAN
AURORA,SAN LUIS,DIMANAYAT
AURORA,SAN LUIS,DITEKI
AURORA,SAN LUIS,DITUMABO
AURORA,SAN LUIS,L. PIMENTEL
AURORA,SAN LUIS,NONONG SENIOR
AURORA,SAN LUIS,REAL
AURORA,SAN LUIS,SAN ISIDRO
AURORA,SAN LUIS,SAN JOSE
AURORA,SAN LUIS,ZARAH
NUEVA ECIJA,ALIAGA,BETES
NUEVA ECIJA,ALIAGA,BIBICLAT
NUEVA ECIJA,ALIAGA,BUCOT
NUEVA ECIJA,ALIAGA,LA PURISIMA
NUEVA ECIJA,ALIAGA,MAGSAYSAY
NUEVA ECIJA,ALIAGA,MACABUCOD
NUEVA ECIJA,ALIAGA,PANTOC
NUEVA ECIJA,ALIAGA,POBLACION CENTRO
NUEVA ECIJA,ALIAGA,POBLACION EAST I
NUEVA ECIJA,ALIAGA,POBLACION EAST II
NUEVA ECIJA,ALIAGA,POBLACION WEST III
NUEVA ECIJA,ALIAGA,POBLACION WEST IV
NUEVA ECIJA,ALIAGA,SAN CARLOS
NUEVA ECIJA,ALIAGA,SAN EMILIANO
NUEVA ECIJA,ALIAGA,SAN EUSTACIO
NUEVA ECIJA,ALIAGA,SAN FELIPE BATA
NUEVA ECIJA,ALIAGA,SAN FELIPE MATANDA
NUEVA ECIJA,ALIAGA,SAN JUAN
NUEVA ECIJA,ALIAGA,SAN PABLO BATA
NUEVA ECIJA,ALIAGA,SAN PABLO MATANDA
NUEVA ECIJA,ALIAGA,SANTA MONICA
NUEVA ECIJA,ALIAGA,SANTIAGO
NUEVA ECIJA,ALIAGA,SANTO ROSARIO
NUEVA ECIJA,ALIAGA,SANTO TOMAS
NUEVA ECIJA,ALIAGA,SUNSON
NUEVA ECIJA,ALIAGA,UMANGAN
NUEVA ECIJA,BONGABON,ANTIPOLO
NUEVA ECIJA,BONGABON,ARIENDO
NUEVA ECIJA,BONGABON,BANTUG
NUEVA ECIJA,BONGABON,CALAANAN
NUEVA ECIJA,BONGABON,COMMERCIAL (POB.)
NUEVA ECIJA,BONGABON,CRUZ
NUEVA ECIJA,BONGABON,DIGMALA
NUEVA ECIJA,BONGABON,CURVA (J. TOMACRUZ)
NUEVA ECIJA,BONGABON,KAINGIN (POB.)
NUEVA ECIJA,BONGABON,LABI
NUEVA ECIJA,BONGABON,LARCON
NUEVA ECIJA,BONGABON,LUSOK
NUEVA ECIJA,BONGABON,MACABACLAY
NUEVA ECIJA,BONGABON,MAGTANGGOL (POB.)
NUEVA ECIJA,BONGABON,MANTILE (POB.)
NUEVA ECIJA,BONGABON,OLIVETE
NUEVA ECIJA,BONGABON,PALO MARIA (POB.)
NUEVA ECIJA,BONGABON,PESA
NUEVA ECIJA,BONGABON,RIZAL (POB.)
NUEVA ECIJA,BONGABON,SAMPALUCAN (POB.)
NUEVA ECIJA,BONGABON,SAN ROQUE (POB.)
NUEVA ECIJA,BONGABON,SANTOR
NUEVA ECIJA,BONGABON,SINIPIT (POB.)
NUEVA ECIJA,BONGABON,SISILANG NA LIGAYA (POB.)
NUEVA ECIJA,BONGABON,SOCIAL (POB.)
NUEVA ECIJA,BONGABON,TUGATUG
NUEVA ECIJA,BONGABON,TULAY NA BATO (POB.)
NUEVA ECIJA,BONGABON,VEGA
NUEVA ECIJA,CABANATUAN CITY,ADUAS CENTRO (ADUAS)
NUEVA ECIJA,CABANATUAN CITY,BAGONG SIKAT
NUEVA ECIJA,CABANATUAN CITY,BAGONG BUHAY
NUEVA ECIJA,CABANATUAN CITY,BAKERO
NUEVA ECIJA,CABANATUAN CITY,BAKOD BAYAN
NUEVA ECIJA,CABANATUAN CITY,BALITE
NUEVA ECIJA,CABANATUAN CITY,BANGAD
NUEVA ECIJA,CABANATUAN CITY,BANTUG BULALO
NUEVA ECIJA,CABANATUAN CITY,BANTUG NORTE
NUEVA ECIJA,CABANATUAN CITY,BARLIS
NUEVA ECIJA,CABANATUAN CITY,BARRERA DISTRICT (POB.)
NUEVA ECIJA,CABANATUAN CITY,BERNARDO DISTRICT (POB.)
NUEVA ECIJA,CABANATUAN CITY,BITAS
NUEVA ECIJA,CABANATUAN CITY,BONIFACIO DISTRICT (POB.)
NUEVA ECIJA,CABANATUAN CITY,BULIRAN
NUEVA ECIJA,CABANATUAN CITY,CAALIBANGBANGAN
NUEVA ECIJA,CABANATUAN CITY,CABU
NUEVA ECIJA,CABANATUAN CITY,CAMPO TINIO
NUEVA ECIJA,CABANATUAN CITY,KAPITAN PEPE (POB.)
NUEVA ECIJA,CABANATUAN CITY,CINCO-CINCO
NUEVA ECIJA,CABANATUAN CITY,CITY SUPERMARKET (POB.)
NUEVA ECIJA,CABANATUAN CITY,CAUDILLO
NUEVA ECIJA,CABANATUAN CITY,COMMUNAL
NUEVA ECIJA,CABANATUAN CITY,CRUZ ROJA
NUEVA ECIJA,CABANATUAN CITY,DAANG SARILE
NUEVA ECIJA,CABANATUAN CITY,DALAMPANG
NUEVA ECIJA,CABANATUAN CITY,DICARMA (POB.)
NUEVA ECIJA,CABANATUAN CITY,DIMASALANG (POB.)
NUEVA ECIJA,CABANATUAN CITY,DIONISIO S. GARCIA
NUEVA ECIJA,CABANATUAN CITY,FATIMA (POB.)
NUEVA ECIJA,CABANATUAN CITY,GENERAL LUNA (POB.)
NUEVA ECIJA,CABANATUAN CITY,IBABAO BANA
NUEVA ECIJA,CABANATUAN CITY,IMELDA DISTRICT
NUEVA ECIJA,CABANATUAN CITY,ISLA (POB.)
NUEVA ECIJA,CABANATUAN CITY,CALAWAGAN (KALAWAGAN)
NUEVA ECIJA,CABANATUAN CITY,KALIKID NORTE
NUEVA ECIJA,CABANATUAN CITY,KALIKID SUR
NUEVA ECIJA,CABANATUAN CITY,LAGARE
NUEVA ECIJA,CABANATUAN CITY,M. S. GARCIA
NUEVA ECIJA,CABANATUAN CITY,MABINI EXTENSION
NUEVA ECIJA,CABANATUAN CITY,MABINI HOMESITE
NUEVA ECIJA,CABANATUAN CITY,MACATBONG
NUEVA ECIJA,CABANATUAN CITY,MAGSAYSAY DISTRICT
NUEVA ECIJA,CABANATUAN CITY,MATADERO (POB.)
NUEVA ECIJA,CABANATUAN CITY,LOURDES (MATUNGAL-TUNGAL)
NUEVA ECIJA,CABANATUAN CITY,MAYAPYAP NORTE
NUEVA ECIJA,CABANATUAN CITY,MAYAPYAP SUR
NUEVA ECIJA,CABANATUAN CITY,MELOJAVILLA (POB.)
NUEVA ECIJA,CABANATUAN CITY,OBRERO
NUEVA ECIJA,CABANATUAN CITY,PADRE CRISOSTOMO
NUEVA ECIJA,CABANATUAN CITY,PAGAS
NUEVA ECIJA,CABANATUAN CITY,PALAGAY
NUEVA ECIJA,CABANATUAN CITY,PAMALDAN
NUEVA ECIJA,CABANATUAN CITY,PANGATIAN
NUEVA ECIJA,CABANATUAN CITY,PATALAC
NUEVA ECIJA,CABANATUAN CITY,POLILIO
NUEVA ECIJA,CABANATUAN CITY,PULA
NUEVA ECIJA,CABANATUAN CITY,QUEZON DISTRICT (POB.)
NUEVA ECIJA,CABANATUAN CITY,RIZDELIS (POB.)
NUEVA ECIJA,CABANATUAN CITY,SAMON
NUEVA ECIJA,CABANATUAN CITY,SAN ISIDRO
NUEVA ECIJA,CABANATUAN CITY,SAN JOSEF NORTE
NUEVA ECIJA,CABANATUAN CITY,SAN JOSEF SUR
NUEVA ECIJA,CABANATUAN CITY,SAN JUAN POB. (ACOFA)
NUEVA ECIJA,CABANATUAN CITY,SAN ROQUE NORTE
NUEVA ECIJA,CABANATUAN CITY,SAN ROQUE SUR
NUEVA ECIJA,CABANATUAN CITY,SANBERMICRISTI (POB.)
NUEVA ECIJA,CABANATUAN CITY,SANGITAN
NUEVA ECIJA,CABANATUAN CITY,SANTA ARCADIA
NUEVA ECIJA,CABANATUAN CITY,SUMACAB NORTE
NUEVA ECIJA,CABANATUAN CITY,VALDEFUENTE
NUEVA ECIJA,CABANATUAN CITY,VALLE CRUZ
NUEVA ECIJA,CABANATUAN CITY,VIJANDRE DISTRICT (POB.)
NUEVA ECIJA,CABANATUAN CITY,VILLA OFELIA-CARIDAD
NUEVA ECIJA,CABANATUAN CITY,ZULUETA DISTRICT (POB.)
NUEVA ECIJA,CABANATUAN CITY,NABAO (POB.)
NUEVA ECIJA,CABANATUAN CITY,PADRE BURGOS (POB.)
NUEVA ECIJA,CABANATUAN CITY,TALIPAPA
NUEVA ECIJA,CABANATUAN CITY,ADUAS NORTE
NUEVA ECIJA,CABANATUAN CITY,ADUAS SUR
NUEVA ECIJA,CABANATUAN CITY,"HERMOGENES C. CONCEPCION, SR."
NUEVA ECIJA,CABANATUAN CITY,SAPANG
NUEVA ECIJA,CABANATUAN CITY,SUMACAB ESTE
NUEVA ECIJA,CABANATUAN CITY,SUMACAB SOUTH
NUEVA ECIJA,CABANATUAN CITY,CARIDAD
NUEVA ECIJA,CABANATUAN CITY,MAGSAYSAY SOUTH
NUEVA ECIJA,CABANATUAN CITY,MARIA THERESA
NUEVA ECIJA,CABANATUAN CITY,SANGITAN EAST
NUEVA ECIJA,CABANATUAN CITY,SANTO NIÑO
NUEVA ECIJA,CABIAO,BAGONG BUHAY
NUEVA ECIJA,CABIAO,BAGONG SIKAT
NUEVA ECIJA,CABIAO,BAGONG SILANG
NUEVA ECIJA,CABIAO,CONCEPCION
NUEVA ECIJA,CABIAO,ENTABLADO
NUEVA ECIJA,CABIAO,MALIGAYA
NUEVA ECIJA,CABIAO,NATIVIDAD NORTH (POB.)
NUEVA ECIJA,CABIAO,NATIVIDAD SOUTH (POB.)
NUEVA ECIJA,CABIAO,PALASINAN
NUEVA ECIJA,CABIAO,SAN ANTONIO
NUEVA ECIJA,CABIAO,SAN FERNANDO NORTE
NUEVA ECIJA,CABIAO,SAN FERNANDO SUR
NUEVA ECIJA,CABIAO,SAN GREGORIO
NUEVA ECIJA,CABIAO,SAN JUAN NORTH (POB.)
NUEVA ECIJA,CABIAO,SAN JUAN SOUTH (POB.)
NUEVA ECIJA,CABIAO,SAN ROQUE
NUEVA ECIJA,CABIAO,SAN VICENTE
NUEVA ECIJA,CABIAO,SANTA RITA
NUEVA ECIJA,CABIAO,SINIPIT
NUEVA ECIJA,CABIAO,POLILIO
NUEVA ECIJA,CABIAO,SAN CARLOS
NUEVA ECIJA,CABIAO,SANTA ISABEL
NUEVA ECIJA,CABIAO,SANTA INES
NUEVA ECIJA,CARRANGLAN,R.A.PADILLA (BALUARTE)
NUEVA ECIJA,CARRANGLAN,BANTUG
NUEVA ECIJA,CARRANGLAN,BUNGA
NUEVA ECIJA,CARRANGLAN,BURGOS
NUEVA ECIJA,CARRANGLAN,CAPINTALAN
NUEVA ECIJA,CARRANGLAN,JOSON (DIGIDIG)
NUEVA ECIJA,CARRANGLAN,GENERAL LUNA
NUEVA ECIJA,CARRANGLAN,MINULI
NUEVA ECIJA,CARRANGLAN,PIUT
NUEVA ECIJA,CARRANGLAN,PUNCAN
NUEVA ECIJA,CARRANGLAN,PUTLAN
NUEVA ECIJA,CARRANGLAN,SALAZAR
NUEVA ECIJA,CARRANGLAN,SAN AGUSTIN
NUEVA ECIJA,CARRANGLAN,T. L. PADILLA POB. (BGY. I)
NUEVA ECIJA,CARRANGLAN,F. C. OTIC POB. (BGY. II)
NUEVA ECIJA,CARRANGLAN,D. L. MAGLANOC POB. (BGY.III)
NUEVA ECIJA,CARRANGLAN,G. S. ROSARIO POB. (BGY. IV)
NUEVA ECIJA,CITY OF GAPAN,BAYANIHAN
NUEVA ECIJA,CITY OF GAPAN,BULAK
NUEVA ECIJA,CITY OF GAPAN,KAPALANGAN
NUEVA ECIJA,CITY OF GAPAN,MAHIPON
NUEVA ECIJA,CITY OF GAPAN,MALIMBA
NUEVA ECIJA,CITY OF GAPAN,MANGINO
NUEVA ECIJA,CITY OF GAPAN,MARELO
NUEVA ECIJA,CITY OF GAPAN,PAMBUAN
NUEVA ECIJA,CITY OF GAPAN,PARCUTELA
NUEVA ECIJA,CITY OF GAPAN,SAN LORENZO (POB.)
NUEVA ECIJA,CITY OF GAPAN,SAN NICOLAS
NUEVA ECIJA,CITY OF GAPAN,SAN ROQUE
NUEVA ECIJA,CITY OF GAPAN,SAN VICENTE (POB.)
NUEVA ECIJA,CITY OF GAPAN,SANTA CRUZ
NUEVA ECIJA,CITY OF GAPAN,SANTO CRISTO NORTE
NUEVA ECIJA,CITY OF GAPAN,SANTO CRISTO SUR
NUEVA ECIJA,CITY OF GAPAN,SANTO NIÑO
NUEVA ECIJA,CITY OF GAPAN,MAKABACLAY
NUEVA ECIJA,CITY OF GAPAN,BALANTE
NUEVA ECIJA,CITY OF GAPAN,BUNGO
NUEVA ECIJA,CITY OF GAPAN,MABUNGA
NUEVA ECIJA,CITY OF GAPAN,MABURAK
NUEVA ECIJA,CITY OF GAPAN,PUTING TUBIG
NUEVA ECIJA,CUYAPO,BALOY
NUEVA ECIJA,CUYAPO,BAMBANABA
NUEVA ECIJA,CUYAPO,BANTUG
NUEVA ECIJA,CUYAPO,BENTIGAN
NUEVA ECIJA,CUYAPO,BIBICLAT
NUEVA ECIJA,CUYAPO,BONIFACIO
NUEVA ECIJA,CUYAPO,BUED
NUEVA ECIJA,CUYAPO,BULALA
NUEVA ECIJA,CUYAPO,BURGOS
NUEVA ECIJA,CUYAPO,CABILEO
NUEVA ECIJA,CUYAPO,CABATUAN
NUEVA ECIJA,CUYAPO,CACAPASAN
NUEVA ECIJA,CUYAPO,CALANCUASAN NORTE
NUEVA ECIJA,CUYAPO,CALANCUASAN SUR
NUEVA ECIJA,CUYAPO,COLOSBOA
NUEVA ECIJA,CUYAPO,COLUMBITIN
NUEVA ECIJA,CUYAPO,CURVA
NUEVA ECIJA,CUYAPO,DISTRICT I (POB. I)
NUEVA ECIJA,CUYAPO,DISTRICT II (POB. II)
NUEVA ECIJA,CUYAPO,DISTRICT IV (POB. IV)
NUEVA ECIJA,CUYAPO,DISTRICT V (POB. V)
NUEVA ECIJA,CUYAPO,DISTRICT VI (POB. VI)
NUEVA ECIJA,CUYAPO,DISTRICT VII (POB. VII)
NUEVA ECIJA,CUYAPO,DISTRICT VIII (POB. VIII)
NUEVA ECIJA,CUYAPO,LANDIG
NUEVA ECIJA,CUYAPO,LATAP
NUEVA ECIJA,CUYAPO,LOOB
NUEVA ECIJA,CUYAPO,LUNA
NUEVA ECIJA,CUYAPO,MALBEG-PATALAN
NUEVA ECIJA,CUYAPO,MALINENG
NUEVA ECIJA,CUYAPO,MATINDEG
NUEVA ECIJA,CUYAPO,MAYCABAN
NUEVA ECIJA,CUYAPO,NACURALAN
NUEVA ECIJA,CUYAPO,NAGMISAHAN
NUEVA ECIJA,CUYAPO,PAITAN NORTE
NUEVA ECIJA,CUYAPO,PAITAN SUR
NUEVA ECIJA,CUYAPO,PIGLISAN
NUEVA ECIJA,CUYAPO,PUGO
NUEVA ECIJA,CUYAPO,RIZAL
NUEVA ECIJA,CUYAPO,SABIT
NUEVA ECIJA,CUYAPO,SALAGUSOG
NUEVA ECIJA,CUYAPO,SAN ANTONIO
NUEVA ECIJA,CUYAPO,SAN JOSE
NUEVA ECIJA,CUYAPO,SAN JUAN
NUEVA ECIJA,CUYAPO,SANTA CLARA
NUEVA ECIJA,CUYAPO,SANTA CRUZ
NUEVA ECIJA,CUYAPO,SINIMBAAN
NUEVA ECIJA,CUYAPO,TAGTAGUMBAO
NUEVA ECIJA,CUYAPO,TUTULOY
NUEVA ECIJA,CUYAPO,UNGAB
NUEVA ECIJA,CUYAPO,VILLAFLORES
NUEVA ECIJA,GABALDON (BITULOK & SABANI),BAGONG SIKAT
NUEVA ECIJA,GABALDON (BITULOK & SABANI),BAGTING
NUEVA ECIJA,GABALDON (BITULOK & SABANI),BANTUG
NUEVA ECIJA,GABALDON (BITULOK & SABANI),BITULOK (NORTH POB.)
NUEVA ECIJA,GABALDON (BITULOK & SABANI),BUGNAN
NUEVA ECIJA,GABALDON (BITULOK & SABANI),CALABASA
NUEVA ECIJA,GABALDON (BITULOK & SABANI),CAMACHILE
NUEVA ECIJA,GABALDON (BITULOK & SABANI),CUYAPA
NUEVA ECIJA,GABALDON (BITULOK & SABANI),LIGAYA
NUEVA ECIJA,GABALDON (BITULOK & SABANI),MACASANDAL
NUEVA ECIJA,GABALDON (BITULOK & SABANI),MALINAO
NUEVA ECIJA,GABALDON (BITULOK & SABANI),PANTOC
NUEVA ECIJA,GABALDON (BITULOK & SABANI),PINAMALISAN
NUEVA ECIJA,GABALDON (BITULOK & SABANI),SOUTH POBLACION
NUEVA ECIJA,GABALDON (BITULOK & SABANI),SAWMILL
NUEVA ECIJA,GABALDON (BITULOK & SABANI),TAGUMPAY
NUEVA ECIJA,GENERAL MAMERTO NATIVIDAD,BALANGKARE NORTE
NUEVA ECIJA,GENERAL MAMERTO NATIVIDAD,BALANGKARE SUR
NUEVA ECIJA,GENERAL MAMERTO NATIVIDAD,BALARING
NUEVA ECIJA,GENERAL MAMERTO NATIVIDAD,BELEN
NUEVA ECIJA,GENERAL MAMERTO NATIVIDAD,BRAVO
NUEVA ECIJA,GENERAL MAMERTO NATIVIDAD,BUROL
NUEVA ECIJA,GENERAL MAMERTO NATIVIDAD,KABULIHAN
NUEVA ECIJA,GENERAL MAMERTO NATIVIDAD,MAG-ASAWANG SAMPALOC
NUEVA ECIJA,GENERAL MAMERTO NATIVIDAD,MANAROG
NUEVA ECIJA,GENERAL MAMERTO NATIVIDAD,MATAAS NA KAHOY
NUEVA ECIJA,GENERAL MAMERTO NATIVIDAD,PANACSAC
NUEVA ECIJA,GENERAL MAMERTO NATIVIDAD,PICALEON
NUEVA ECIJA,GENERAL MAMERTO NATIVIDAD,PINAHAN
NUEVA ECIJA,GENERAL MAMERTO NATIVIDAD,PLATERO
NUEVA ECIJA,GENERAL MAMERTO NATIVIDAD,POBLACION
NUEVA ECIJA,GENERAL MAMERTO NATIVIDAD,PULA
NUEVA ECIJA,GENERAL MAMERTO NATIVIDAD,PULONG SINGKAMAS
NUEVA ECIJA,GENERAL MAMERTO NATIVIDAD,SAPANG BATO
NUEVA ECIJA,GENERAL MAMERTO NATIVIDAD,TALABUTAB NORTE
NUEVA ECIJA,GENERAL MAMERTO NATIVIDAD,TALABUTAB SUR
NUEVA ECIJA,GENERAL TINIO (PAPAYA),BAGO
NUEVA ECIJA,GENERAL TINIO (PAPAYA),CONCEPCION
NUEVA ECIJA,GENERAL TINIO (PAPAYA),NAZARETH
NUEVA ECIJA,GENERAL TINIO (PAPAYA),PADOLINA
NUEVA ECIJA,GENERAL TINIO (PAPAYA),PIAS
NUEVA ECIJA,GENERAL TINIO (PAPAYA),SAN PEDRO (POB.)
NUEVA ECIJA,GENERAL TINIO (PAPAYA),POBLACION EAST
NUEVA ECIJA,GENERAL TINIO (PAPAYA),POBLACION WEST
NUEVA ECIJA,GENERAL TINIO (PAPAYA),RIO CHICO
NUEVA ECIJA,GENERAL TINIO (PAPAYA),POBLACION CENTRAL
NUEVA ECIJA,GENERAL TINIO (PAPAYA),PULONG MATONG
NUEVA ECIJA,GENERAL TINIO (PAPAYA),SAMPAGUITA
NUEVA ECIJA,GENERAL TINIO (PAPAYA),PALALE
NUEVA ECIJA,GUIMBA,AGCANO
NUEVA ECIJA,GUIMBA,AYOS LOMBOY
NUEVA ECIJA,GUIMBA,BACAYAO
NUEVA ECIJA,GUIMBA,BAGONG BARRIO
NUEVA ECIJA,GUIMBA,BALBALINO
NUEVA ECIJA,GUIMBA,BALINGOG EAST
NUEVA ECIJA,GUIMBA,BALINGOG WEST
NUEVA ECIJA,GUIMBA,BANITAN
NUEVA ECIJA,GUIMBA,BANTUG
NUEVA ECIJA,GUIMBA,BULAKID
NUEVA ECIJA,GUIMBA,CABALLERO
NUEVA ECIJA,GUIMBA,CABARUAN
NUEVA ECIJA,GUIMBA,CAINGIN TABING ILOG
NUEVA ECIJA,GUIMBA,CALEM
NUEVA ECIJA,GUIMBA,CAMILING
NUEVA ECIJA,GUIMBA,CARDINAL
NUEVA ECIJA,GUIMBA,CASONGSONG
NUEVA ECIJA,GUIMBA,CATIMON
NUEVA ECIJA,GUIMBA,CAVITE
NUEVA ECIJA,GUIMBA,CAWAYAN BUGTONG
NUEVA ECIJA,GUIMBA,CONSUELO
NUEVA ECIJA,GUIMBA,CULONG
NUEVA ECIJA,GUIMBA,ESCANO
NUEVA ECIJA,GUIMBA,FAIGAL
NUEVA ECIJA,GUIMBA,GALVAN
NUEVA ECIJA,GUIMBA,GUISET
NUEVA ECIJA,GUIMBA,LAMORITO
NUEVA ECIJA,GUIMBA,LENNEC
NUEVA ECIJA,GUIMBA,MACAMIAS
NUEVA ECIJA,GUIMBA,MACAPABELLAG
NUEVA ECIJA,GUIMBA,MACATCATUIT
NUEVA ECIJA,GUIMBA,MANACSAC
NUEVA ECIJA,GUIMBA,MANGGANG MARIKIT
NUEVA ECIJA,GUIMBA,MATURANOC
NUEVA ECIJA,GUIMBA,MAYBUBON
NUEVA ECIJA,GUIMBA,NAGLABRAHAN
NUEVA ECIJA,GUIMBA,NAGPANDAYAN
NUEVA ECIJA,GUIMBA,NARVACAN I
NUEVA ECIJA,GUIMBA,NARVACAN II
NUEVA ECIJA,GUIMBA,PACAC
NUEVA ECIJA,GUIMBA,PARTIDA I
NUEVA ECIJA,GUIMBA,PARTIDA II
NUEVA ECIJA,GUIMBA,PASONG INCHIC
NUEVA ECIJA,GUIMBA,SAINT JOHN DISTRICT (POB.)
NUEVA ECIJA,GUIMBA,SAN AGUSTIN
NUEVA ECIJA,GUIMBA,SAN ANDRES
NUEVA ECIJA,GUIMBA,SAN BERNARDINO
NUEVA ECIJA,GUIMBA,SAN MARCELINO
NUEVA ECIJA,GUIMBA,SAN MIGUEL
NUEVA ECIJA,GUIMBA,SAN RAFAEL
NUEVA ECIJA,GUIMBA,SAN ROQUE
NUEVA ECIJA,GUIMBA,SANTA ANA
NUEVA ECIJA,GUIMBA,SANTA CRUZ
NUEVA ECIJA,GUIMBA,SANTA LUCIA
NUEVA ECIJA,GUIMBA,SANTA VERONICA DISTRICT (POB.)
NUEVA ECIJA,GUIMBA,SANTO CRISTO DISTRICT (POB.)
NUEVA ECIJA,GUIMBA,SARANAY DISTRICT (POB.)
NUEVA ECIJA,GUIMBA,SINULATAN
NUEVA ECIJA,GUIMBA,SUBOL
NUEVA ECIJA,GUIMBA,TAMPAC I
NUEVA ECIJA,GUIMBA,TAMPAC II & III
NUEVA ECIJA,GUIMBA,TRIALA
NUEVA ECIJA,GUIMBA,YUSON
NUEVA ECIJA,GUIMBA,BUNOL
NUEVA ECIJA,JAEN,CALABASA
NUEVA ECIJA,JAEN,DAMPULAN (POB.)
NUEVA ECIJA,JAEN,HILERA
NUEVA ECIJA,JAEN,IMBUNIA
NUEVA ECIJA,JAEN,IMELDA POB. (DOÑA AURORA)
NUEVA ECIJA,JAEN,LAMBAKIN
NUEVA ECIJA,JAEN,LANGLA
NUEVA ECIJA,JAEN,MAGSALISI
NUEVA ECIJA,JAEN,MALABON-KAINGIN
NUEVA ECIJA,JAEN,MARAWA
NUEVA ECIJA,JAEN,DON MARIANO MARCOS (POB.)
NUEVA ECIJA,JAEN,SAN JOSEF (NABAO)
NUEVA ECIJA,JAEN,NIYUGAN
NUEVA ECIJA,JAEN,PAMACPACAN
NUEVA ECIJA,JAEN,PAKOL
NUEVA ECIJA,JAEN,PINANGGAAN
NUEVA ECIJA,JAEN,ULANIN-PITAK
NUEVA ECIJA,JAEN,PUTLOD
NUEVA ECIJA,JAEN,OCAMPO-RIVERA DISTRICT (POB.)
NUEVA ECIJA,JAEN,SAN JOSE
NUEVA ECIJA,JAEN,SAN PABLO
NUEVA ECIJA,JAEN,SAN ROQUE
NUEVA ECIJA,JAEN,SAN VICENTE
NUEVA ECIJA,JAEN,SANTA RITA
NUEVA ECIJA,JAEN,SANTO TOMAS NORTH
NUEVA ECIJA,JAEN,SANTO TOMAS SOUTH
NUEVA ECIJA,JAEN,SAPANG
NUEVA ECIJA,LAUR,BARANGAY I (POB.)
NUEVA ECIJA,LAUR,BARANGAY II (POB.)
NUEVA ECIJA,LAUR,BARANGAY III (POB.)
NUEVA ECIJA,LAUR,BARANGAY IV (POB.)
NUEVA ECIJA,LAUR,BETANIA
NUEVA ECIJA,LAUR,CANANTONG
NUEVA ECIJA,LAUR,NAUZON
NUEVA ECIJA,LAUR,PANGARULONG
NUEVA ECIJA,LAUR,PINAGBAYANAN
NUEVA ECIJA,LAUR,SAGANA
NUEVA ECIJA,LAUR,SAN FERNANDO
NUEVA ECIJA,LAUR,SAN ISIDRO
NUEVA ECIJA,LAUR,SAN JOSEF
NUEVA ECIJA,LAUR,SAN JUAN
NUEVA ECIJA,LAUR,SAN VICENTE
NUEVA ECIJA,LAUR,SICLONG
NUEVA ECIJA,LAUR,SAN FELIPE
NUEVA ECIJA,LICAB,LINAO
NUEVA ECIJA,LICAB,POBLACION NORTE
NUEVA ECIJA,LICAB,POBLACION SUR
NUEVA ECIJA,LICAB,SAN CASIMIRO
NUEVA ECIJA,LICAB,SAN CRISTOBAL
NUEVA ECIJA,LICAB,SAN JOSE
NUEVA ECIJA,LICAB,SAN JUAN
NUEVA ECIJA,LICAB,SANTA MARIA
NUEVA ECIJA,LICAB,TABING ILOG
NUEVA ECIJA,LICAB,VILLAROSA
NUEVA ECIJA,LICAB,AQUINO
NUEVA ECIJA,LLANERA,A. BONIFACIO
NUEVA ECIJA,LLANERA,CARIDAD NORTE
NUEVA ECIJA,LLANERA,CARIDAD SUR
NUEVA ECIJA,LLANERA,CASILE
NUEVA ECIJA,LLANERA,FLORIDA BLANCA
NUEVA ECIJA,LLANERA,GENERAL LUNA
NUEVA ECIJA,LLANERA,GENERAL RICARTE
NUEVA ECIJA,LLANERA,GOMEZ
NUEVA ECIJA,LLANERA,INANAMA
NUEVA ECIJA,LLANERA,LIGAYA
NUEVA ECIJA,LLANERA,MABINI
NUEVA ECIJA,LLANERA,MURCON
NUEVA ECIJA,LLANERA,PLARIDEL
NUEVA ECIJA,LLANERA,BAGUMBAYAN (POB.)
NUEVA ECIJA,LLANERA,SAN FELIPE
NUEVA ECIJA,LLANERA,SAN FRANCISCO
NUEVA ECIJA,LLANERA,SAN NICOLAS
NUEVA ECIJA,LLANERA,SAN VICENTE
NUEVA ECIJA,LLANERA,SANTA BARBARA
NUEVA ECIJA,LLANERA,VICTORIA
NUEVA ECIJA,LLANERA,VILLA VINIEGAS
NUEVA ECIJA,LLANERA,BOSQUE
NUEVA ECIJA,LUPAO,AGUPALO ESTE
NUEVA ECIJA,LUPAO,AGUPALO WESTE
NUEVA ECIJA,LUPAO,ALALAY CHICA
NUEVA ECIJA,LUPAO,ALALAY GRANDE
NUEVA ECIJA,LUPAO,J. U. TIENZO (ARIMAL)
NUEVA ECIJA,LUPAO,BAGONG FLORES
NUEVA ECIJA,LUPAO,BALBALUNGAO
NUEVA ECIJA,LUPAO,BURGOS
NUEVA ECIJA,LUPAO,CORDERO
NUEVA ECIJA,LUPAO,MAPANGPANG
NUEVA ECIJA,LUPAO,NAMULANDAYAN
NUEVA ECIJA,LUPAO,PARISTA
NUEVA ECIJA,LUPAO,POBLACION EAST
NUEVA ECIJA,LUPAO,POBLACION NORTH
NUEVA ECIJA,LUPAO,POBLACION SOUTH
NUEVA ECIJA,LUPAO,POBLACION WEST
NUEVA ECIJA,LUPAO,SALVACION I
NUEVA ECIJA,LUPAO,SALVACION II
NUEVA ECIJA,LUPAO,SAN ANTONIO ESTE
NUEVA ECIJA,LUPAO,SAN ANTONIO WESTE
NUEVA ECIJA,LUPAO,SAN ISIDRO
NUEVA ECIJA,LUPAO,SAN PEDRO
NUEVA ECIJA,LUPAO,SAN ROQUE
NUEVA ECIJA,LUPAO,SANTO DOMINGO
NUEVA ECIJA,NAMPICUAN,ALEMANIA
NUEVA ECIJA,NAMPICUAN,AMBASADOR ALZATE VILLAGE
NUEVA ECIJA,NAMPICUAN,CABADUCAN EAST (POB.)
NUEVA ECIJA,NAMPICUAN,CABADUCAN WEST (POB.)
NUEVA ECIJA,NAMPICUAN,CABAWANGAN
NUEVA ECIJA,NAMPICUAN,EAST CENTRAL POBLACION
NUEVA ECIJA,NAMPICUAN,EDY
NUEVA ECIJA,NAMPICUAN,MAELING
NUEVA ECIJA,NAMPICUAN,MAYANTOC
NUEVA ECIJA,NAMPICUAN,MEDICO
NUEVA ECIJA,NAMPICUAN,MONIC
NUEVA ECIJA,NAMPICUAN,NORTH POBLACION
NUEVA ECIJA,NAMPICUAN,NORTHWEST POBLACION
NUEVA ECIJA,NAMPICUAN,ESTACION (POB.)
NUEVA ECIJA,NAMPICUAN,WEST POBLACION
NUEVA ECIJA,NAMPICUAN,RECUERDO
NUEVA ECIJA,NAMPICUAN,SOUTH CENTRAL POBLACION
NUEVA ECIJA,NAMPICUAN,SOUTHEAST POBLACION
NUEVA ECIJA,NAMPICUAN,SOUTHWEST POBLACION
NUEVA ECIJA,NAMPICUAN,TONY
NUEVA ECIJA,NAMPICUAN,WEST CENTRAL POBLACION
NUEVA ECIJA,PALAYAN CITY (CAPITAL),AULO
NUEVA ECIJA,PALAYAN CITY (CAPITAL),BO. MILITAR (FORT MAGSAYSAY)
NUEVA ECIJA,PALAYAN CITY (CAPITAL),GANADERIA
NUEVA ECIJA,PALAYAN CITY (CAPITAL),MALIGAYA
NUEVA ECIJA,PALAYAN CITY (CAPITAL),MANACNAC
NUEVA ECIJA,PALAYAN CITY (CAPITAL),MAPAIT
NUEVA ECIJA,PALAYAN CITY (CAPITAL),MARCOS VILLAGE
NUEVA ECIJA,PALAYAN CITY (CAPITAL),MALATE (POB.)
NUEVA ECIJA,PALAYAN CITY (CAPITAL),SAPANG BUHO
NUEVA ECIJA,PALAYAN CITY (CAPITAL),SINGALAT
NUEVA ECIJA,PALAYAN CITY (CAPITAL),ATATE
NUEVA ECIJA,PALAYAN CITY (CAPITAL),CABALLERO
NUEVA ECIJA,PALAYAN CITY (CAPITAL),CAIMITO
NUEVA ECIJA,PALAYAN CITY (CAPITAL),DOÑA JOSEFA
NUEVA ECIJA,PALAYAN CITY (CAPITAL),IMELDA VALLEY
NUEVA ECIJA,PALAYAN CITY (CAPITAL),LANGKA
NUEVA ECIJA,PALAYAN CITY (CAPITAL),SANTOLAN
NUEVA ECIJA,PALAYAN CITY (CAPITAL),POPOLON PAGAS
NUEVA ECIJA,PALAYAN CITY (CAPITAL),BAGONG BUHAY
NUEVA ECIJA,PANTABANGAN,CADACLAN
NUEVA ECIJA,PANTABANGAN,CAMBITALA
NUEVA ECIJA,PANTABANGAN,CONVERSION
NUEVA ECIJA,PANTABANGAN,GANDUZ
NUEVA ECIJA,PANTABANGAN,LIBERTY
NUEVA ECIJA,PANTABANGAN,MALBANG
NUEVA ECIJA,PANTABANGAN,MARIKIT
NUEVA ECIJA,PANTABANGAN,NAPON-NAPON
NUEVA ECIJA,PANTABANGAN,POBLACION EAST
NUEVA ECIJA,PANTABANGAN,POBLACION WEST
NUEVA ECIJA,PANTABANGAN,SAMPALOC
NUEVA ECIJA,PANTABANGAN,SAN JUAN
NUEVA ECIJA,PANTABANGAN,VILLARICA
NUEVA ECIJA,PANTABANGAN,FATIMA
NUEVA ECIJA,PEÑARANDA,CALLOS
NUEVA ECIJA,PEÑARANDA,LAS PIÑAS
NUEVA ECIJA,PEÑARANDA,POBLACION I
NUEVA ECIJA,PEÑARANDA,POBLACION II
NUEVA ECIJA,PEÑARANDA,POBLACION III
NUEVA ECIJA,PEÑARANDA,POBLACION IV
NUEVA ECIJA,PEÑARANDA,SANTO TOMAS
NUEVA ECIJA,PEÑARANDA,SINASAJAN
NUEVA ECIJA,PEÑARANDA,SAN JOSEF
NUEVA ECIJA,PEÑARANDA,SAN MARIANO (MAUGAT)
NUEVA ECIJA,QUEZON,BERTESE
NUEVA ECIJA,QUEZON,DOÑA LUCIA
NUEVA ECIJA,QUEZON,DULONG BAYAN
NUEVA ECIJA,QUEZON,ILOG BALIWAG
NUEVA ECIJA,QUEZON,BARANGAY I (POB.)
NUEVA ECIJA,QUEZON,BARANGAY II (POB.)
NUEVA ECIJA,QUEZON,PULONG BAHAY
NUEVA ECIJA,QUEZON,SAN ALEJANDRO
NUEVA ECIJA,QUEZON,SAN ANDRES I
NUEVA ECIJA,QUEZON,SAN ANDRES II
NUEVA ECIJA,QUEZON,SAN MANUEL
NUEVA ECIJA,QUEZON,SANTA CLARA
NUEVA ECIJA,QUEZON,SANTA RITA
NUEVA ECIJA,QUEZON,SANTO CRISTO
NUEVA ECIJA,QUEZON,SANTO TOMAS FERIA
NUEVA ECIJA,QUEZON,SAN MIGUEL
NUEVA ECIJA,RIZAL,AGBANNAWAG
NUEVA ECIJA,RIZAL,BICOS
NUEVA ECIJA,RIZAL,CABUCBUCAN
NUEVA ECIJA,RIZAL,CALAOCAN DISTRICT
NUEVA ECIJA,RIZAL,CANAAN EAST
NUEVA ECIJA,RIZAL,CANAAN WEST
NUEVA ECIJA,RIZAL,CASILAGAN
NUEVA ECIJA,RIZAL,AGLIPAY (CURVA)
NUEVA ECIJA,RIZAL,DEL PILAR
NUEVA ECIJA,RIZAL,ESTRELLA
NUEVA ECIJA,RIZAL,GENERAL LUNA
NUEVA ECIJA,RIZAL,MACAPSING
NUEVA ECIJA,RIZAL,MALIGAYA
NUEVA ECIJA,RIZAL,PACO ROMAN
NUEVA ECIJA,RIZAL,PAG-ASA
NUEVA ECIJA,RIZAL,POBLACION CENTRAL
NUEVA ECIJA,RIZAL,POBLACION EAST
NUEVA ECIJA,RIZAL,POBLACION NORTE
NUEVA ECIJA,RIZAL,POBLACION SUR
NUEVA ECIJA,RIZAL,POBLACION WEST
NUEVA ECIJA,RIZAL,PORTAL
NUEVA ECIJA,RIZAL,SAN ESTEBAN
NUEVA ECIJA,RIZAL,SANTA MONICA
NUEVA ECIJA,RIZAL,VILLA LABRADOR
NUEVA ECIJA,RIZAL,VILLA PARAISO
NUEVA ECIJA,RIZAL,SAN GREGORIO
NUEVA ECIJA,SAN ANTONIO,BULIRAN
NUEVA ECIJA,SAN ANTONIO,CAMA JUAN
NUEVA ECIJA,SAN ANTONIO,JULO
NUEVA ECIJA,SAN ANTONIO,LAWANG KUPANG
NUEVA ECIJA,SAN ANTONIO,LUYOS
NUEVA ECIJA,SAN ANTONIO,MAUGAT
NUEVA ECIJA,SAN ANTONIO,PANABINGAN
NUEVA ECIJA,SAN ANTONIO,PAPAYA
NUEVA ECIJA,SAN ANTONIO,POBLACION
NUEVA ECIJA,SAN ANTONIO,SAN FRANCISCO
NUEVA ECIJA,SAN ANTONIO,SAN JOSE
NUEVA ECIJA,SAN ANTONIO,SAN MARIANO
NUEVA ECIJA,SAN ANTONIO,SANTA CRUZ
NUEVA ECIJA,SAN ANTONIO,SANTO CRISTO
NUEVA ECIJA,SAN ANTONIO,SANTA BARBARA
NUEVA ECIJA,SAN ANTONIO,TIKIW
NUEVA ECIJA,SAN ISIDRO,ALUA
NUEVA ECIJA,SAN ISIDRO,CALABA
NUEVA ECIJA,SAN ISIDRO,MALAPIT
NUEVA ECIJA,SAN ISIDRO,MANGGA
NUEVA ECIJA,SAN ISIDRO,POBLACION
NUEVA ECIJA,SAN ISIDRO,PULO
NUEVA ECIJA,SAN ISIDRO,SAN ROQUE
NUEVA ECIJA,SAN ISIDRO,SANTO CRISTO
NUEVA ECIJA,SAN ISIDRO,TABON
NUEVA ECIJA,SAN JOSE CITY,A. PASCUAL
NUEVA ECIJA,SAN JOSE CITY,ABAR IST
NUEVA ECIJA,SAN JOSE CITY,ABAR 2ND
NUEVA ECIJA,SAN JOSE CITY,BAGONG SIKAT
NUEVA ECIJA,SAN JOSE CITY,CAANAWAN
NUEVA ECIJA,SAN JOSE CITY,CALAOCAN
NUEVA ECIJA,SAN JOSE CITY,CAMANACSACAN
NUEVA ECIJA,SAN JOSE CITY,CULAYLAY
NUEVA ECIJA,SAN JOSE CITY,DIZOL
NUEVA ECIJA,SAN JOSE CITY,KALIWANAGAN
NUEVA ECIJA,SAN JOSE CITY,KITA-KITA
NUEVA ECIJA,SAN JOSE CITY,MALASIN
NUEVA ECIJA,SAN JOSE CITY,MANICLA
NUEVA ECIJA,SAN JOSE CITY,PALESTINA
NUEVA ECIJA,SAN JOSE CITY,PARANG MANGGA
NUEVA ECIJA,SAN JOSE CITY,VILLA JOSON (PARILLA)
NUEVA ECIJA,SAN JOSE CITY,PINILI
NUEVA ECIJA,SAN JOSE CITY,"RAFAEL RUEDA, SR. POB. (DISTRICT I)"
NUEVA ECIJA,SAN JOSE CITY,FERDINAND E. MARCOS POB. (DISTRICT II)
NUEVA ECIJA,SAN JOSE CITY,CANUTO RAMOS POB. (DISTRICT III)
NUEVA ECIJA,SAN JOSE CITY,RAYMUNDO EUGENIO POB. (DISTRICT IV)
NUEVA ECIJA,SAN JOSE CITY,CRISANTO SANCHEZ POB. (DISTRICT V)
NUEVA ECIJA,SAN JOSE CITY,PORAIS
NUEVA ECIJA,SAN JOSE CITY,SAN AGUSTIN
NUEVA ECIJA,SAN JOSE CITY,SAN JUAN
NUEVA ECIJA,SAN JOSE CITY,SAN MAURICIO
NUEVA ECIJA,SAN JOSE CITY,SANTO NIÑO 1ST
NUEVA ECIJA,SAN JOSE CITY,SANTO NIÑO 2ND
NUEVA ECIJA,SAN JOSE CITY,SANTO TOMAS
NUEVA ECIJA,SAN JOSE CITY,SIBUT
NUEVA ECIJA,SAN JOSE CITY,SINIPIT BUBON
NUEVA ECIJA,SAN JOSE CITY,SANTO NIÑO 3RD
NUEVA ECIJA,SAN JOSE CITY,TABULAC
NUEVA ECIJA,SAN JOSE CITY,TAYABO
NUEVA ECIJA,SAN JOSE CITY,TONDOD
NUEVA ECIJA,SAN JOSE CITY,TULAT
NUEVA ECIJA,SAN JOSE CITY,VILLA FLORESCA
NUEVA ECIJA,SAN JOSE CITY,VILLA MARINA
NUEVA ECIJA,SAN LEONARDO,BONIFACIO DISTRICT (POB.)
NUEVA ECIJA,SAN LEONARDO,BURGOS DISTRICT (POB.)
NUEVA ECIJA,SAN LEONARDO,CASTELLANO
NUEVA ECIJA,SAN LEONARDO,DIVERSION
NUEVA ECIJA,SAN LEONARDO,MAGPAPALAYOC
NUEVA ECIJA,SAN LEONARDO,MALLORCA
NUEVA ECIJA,SAN LEONARDO,MAMBANGNAN
NUEVA ECIJA,SAN LEONARDO,NIEVES
NUEVA ECIJA,SAN LEONARDO,SAN BARTOLOME (POB.)
NUEVA ECIJA,SAN LEONARDO,RIZAL DISTRICT (POB.)
NUEVA ECIJA,SAN LEONARDO,SAN ANTON
NUEVA ECIJA,SAN LEONARDO,SAN ROQUE
NUEVA ECIJA,SAN LEONARDO,TABUATING
NUEVA ECIJA,SAN LEONARDO,TAGUMPAY
NUEVA ECIJA,SAN LEONARDO,TAMBO ADORABLE
NUEVA ECIJA,SANTA ROSA,COJUANGCO (POB.)
NUEVA ECIJA,SANTA ROSA,LA FUENTE
NUEVA ECIJA,SANTA ROSA,LIWAYWAY
NUEVA ECIJA,SANTA ROSA,MALACAÑANG
NUEVA ECIJA,SANTA ROSA,MALIOLIO
NUEVA ECIJA,SANTA ROSA,MAPALAD
NUEVA ECIJA,SANTA ROSA,RIZAL (POB.)
NUEVA ECIJA,SANTA ROSA,RAJAL CENTRO
NUEVA ECIJA,SANTA ROSA,RAJAL NORTE
NUEVA ECIJA,SANTA ROSA,RAJAL SUR
NUEVA ECIJA,SANTA ROSA,SAN GREGORIO
NUEVA ECIJA,SANTA ROSA,SAN MARIANO
NUEVA ECIJA,SANTA ROSA,SAN PEDRO
NUEVA ECIJA,SANTA ROSA,SANTO ROSARIO
NUEVA ECIJA,SANTA ROSA,SOLEDAD
NUEVA ECIJA,SANTA ROSA,VALENZUELA (POB.)
NUEVA ECIJA,SANTA ROSA,ZAMORA (POB.)
NUEVA ECIJA,SANTA ROSA,AGUINALDO
NUEVA ECIJA,SANTA ROSA,BERANG
NUEVA ECIJA,SANTA ROSA,BURGOS
NUEVA ECIJA,SANTA ROSA,DEL PILAR
NUEVA ECIJA,SANTA ROSA,GOMEZ
NUEVA ECIJA,SANTA ROSA,INSPECTOR
NUEVA ECIJA,SANTA ROSA,ISLA
NUEVA ECIJA,SANTA ROSA,LOURDES
NUEVA ECIJA,SANTA ROSA,LUNA
NUEVA ECIJA,SANTA ROSA,MABINI
NUEVA ECIJA,SANTA ROSA,SAN ISIDRO
NUEVA ECIJA,SANTA ROSA,SAN JOSEP
NUEVA ECIJA,SANTA ROSA,SANTA TERESITA
NUEVA ECIJA,SANTA ROSA,SAPSAP
NUEVA ECIJA,SANTA ROSA,TAGPOS
NUEVA ECIJA,SANTA ROSA,TRAMO
NUEVA ECIJA,SANTO DOMINGO,BALOC
NUEVA ECIJA,SANTO DOMINGO,BUASAO
NUEVA ECIJA,SANTO DOMINGO,BURGOS
NUEVA ECIJA,SANTO DOMINGO,CABUGAO
NUEVA ECIJA,SANTO DOMINGO,CASULUCAN
NUEVA ECIJA,SANTO DOMINGO,COMITANG
NUEVA ECIJA,SANTO DOMINGO,CONCEPCION
NUEVA ECIJA,SANTO DOMINGO,DOLORES
NUEVA ECIJA,SANTO DOMINGO,GENERAL LUNA
NUEVA ECIJA,SANTO DOMINGO,HULO
NUEVA ECIJA,SANTO DOMINGO,MABINI
NUEVA ECIJA,SANTO DOMINGO,MALASIN
NUEVA ECIJA,SANTO DOMINGO,MALAYANTOC
NUEVA ECIJA,SANTO DOMINGO,MAMBARAO
NUEVA ECIJA,SANTO DOMINGO,POBLACION
NUEVA ECIJA,SANTO DOMINGO,MALAYA (POOK MALAYA)
NUEVA ECIJA,SANTO DOMINGO,PULONG BULI
NUEVA ECIJA,SANTO DOMINGO,SAGABA
NUEVA ECIJA,SANTO DOMINGO,SAN AGUSTIN
NUEVA ECIJA,SANTO DOMINGO,SAN FABIAN
NUEVA ECIJA,SANTO DOMINGO,SAN FRANCISCO
NUEVA ECIJA,SANTO DOMINGO,SAN PASCUAL
NUEVA ECIJA,SANTO DOMINGO,SANTA RITA
NUEVA ECIJA,SANTO DOMINGO,SANTO ROSARIO
NUEVA ECIJA,SCIENCE CITY OF MUÑOZ,BAGONG SIKAT
NUEVA ECIJA,SCIENCE CITY OF MUÑOZ,BALANTE
NUEVA ECIJA,SCIENCE CITY OF MUÑOZ,BANTUG
NUEVA ECIJA,SCIENCE CITY OF MUÑOZ,BICAL
NUEVA ECIJA,SCIENCE CITY OF MUÑOZ,CABISUCULAN
NUEVA ECIJA,SCIENCE CITY OF MUÑOZ,CALABALABAAN
NUEVA ECIJA,SCIENCE CITY OF MUÑOZ,CALISITAN
NUEVA ECIJA,SCIENCE CITY OF MUÑOZ,CATALANACAN
NUEVA ECIJA,SCIENCE CITY OF MUÑOZ,CURVA
NUEVA ECIJA,SCIENCE CITY OF MUÑOZ,FRANZA
NUEVA ECIJA,SCIENCE CITY OF MUÑOZ,GABALDON
NUEVA ECIJA,SCIENCE CITY OF MUÑOZ,LABNEY
NUEVA ECIJA,SCIENCE CITY OF MUÑOZ,LICAONG
NUEVA ECIJA,SCIENCE CITY OF MUÑOZ,LINGLINGAY
NUEVA ECIJA,SCIENCE CITY OF MUÑOZ,MANGANDINGAY
NUEVA ECIJA,SCIENCE CITY OF MUÑOZ,MAGTANGGOL
NUEVA ECIJA,SCIENCE CITY OF MUÑOZ,MALIGAYA
NUEVA ECIJA,SCIENCE CITY OF MUÑOZ,MAPANGPANG
NUEVA ECIJA,SCIENCE CITY OF MUÑOZ,MARAGOL
NUEVA ECIJA,SCIENCE CITY OF MUÑOZ,MATINGKIS
NUEVA ECIJA,SCIENCE CITY OF MUÑOZ,NAGLABRAHAN
NUEVA ECIJA,SCIENCE CITY OF MUÑOZ,PALUSAPIS
NUEVA ECIJA,SCIENCE CITY OF MUÑOZ,PANDALLA
NUEVA ECIJA,SCIENCE CITY OF MUÑOZ,POBLACION EAST
NUEVA ECIJA,SCIENCE CITY OF MUÑOZ,POBLACION NORTH
NUEVA ECIJA,SCIENCE CITY OF MUÑOZ,POBLACION SOUTH
NUEVA ECIJA,SCIENCE CITY OF MUÑOZ,POBLACION WEST
NUEVA ECIJA,SCIENCE CITY OF MUÑOZ,RANG-AYAN
NUEVA ECIJA,SCIENCE CITY OF MUÑOZ,RIZAL
NUEVA ECIJA,SCIENCE CITY OF MUÑOZ,SAN ANDRES
NUEVA ECIJA,SCIENCE CITY OF MUÑOZ,SAN ANTONIO
NUEVA ECIJA,SCIENCE CITY OF MUÑOZ,SAN FELIPE
NUEVA ECIJA,SCIENCE CITY OF MUÑOZ,SAPANG CAWAYAN
NUEVA ECIJA,SCIENCE CITY OF MUÑOZ,VILLA ISLA
NUEVA ECIJA,SCIENCE CITY OF MUÑOZ,VILLA NATI
NUEVA ECIJA,SCIENCE CITY OF MUÑOZ,VILLA SANTOS
NUEVA ECIJA,SCIENCE CITY OF MUÑOZ,VILLA CUIZON
NUEVA ECIJA,TALAVERA,ANDAL ALINO (POB.)
NUEVA ECIJA,TALAVERA,BAGONG SIKAT
NUEVA ECIJA,TALAVERA,BAGONG SILANG
NUEVA ECIJA,TALAVERA,BAKAL I
NUEVA ECIJA,TALAVERA,BAKAL II
NUEVA ECIJA,TALAVERA,BAKAL III
NUEVA ECIJA,TALAVERA,BALUGA
NUEVA ECIJA,TALAVERA,BANTUG
NUEVA ECIJA,TALAVERA,BANTUG HACIENDA
NUEVA ECIJA,TALAVERA,BANTUG HAMOG (BASANG HAMOG)
NUEVA ECIJA,TALAVERA,BUGTONG NA BULI
NUEVA ECIJA,TALAVERA,BULAC
NUEVA ECIJA,TALAVERA,BURNAY
NUEVA ECIJA,TALAVERA,CALIPAHAN
NUEVA ECIJA,TALAVERA,CAMPOS
NUEVA ECIJA,TALAVERA,CASULUCAN ESTE
NUEVA ECIJA,TALAVERA,COLLADO
NUEVA ECIJA,TALAVERA,DIMASALANG NORTE
NUEVA ECIJA,TALAVERA,DIMASALANG SUR
NUEVA ECIJA,TALAVERA,DINARAYAT
NUEVA ECIJA,TALAVERA,ESGUERRA DISTRICT (POB.)
NUEVA ECIJA,TALAVERA,GULOD
NUEVA ECIJA,TALAVERA,HOMESTEAD I
NUEVA ECIJA,TALAVERA,HOMESTEAD II
NUEVA ECIJA,TALAVERA,CABUBULAONAN
NUEVA ECIJA,TALAVERA,CAANIPLAHAN
NUEVA ECIJA,TALAVERA,CAPUTICAN
NUEVA ECIJA,TALAVERA,KINALANGUYAN
NUEVA ECIJA,TALAVERA,LA TORRE
NUEVA ECIJA,TALAVERA,LOMBOY
NUEVA ECIJA,TALAVERA,MABUHAY
NUEVA ECIJA,TALAVERA,MAESTRANG KIKAY (POB.)
NUEVA ECIJA,TALAVERA,MAMANDIL
NUEVA ECIJA,TALAVERA,MARCOS DISTRICT (POB.)
NUEVA ECIJA,TALAVERA,PUROK MATIAS (POB.)
NUEVA ECIJA,TALAVERA,MATINGKIS
NUEVA ECIJA,TALAVERA,MINABUYOC
NUEVA ECIJA,TALAVERA,PAG-ASA (POB.)
NUEVA ECIJA,TALAVERA,PALUDPOD
NUEVA ECIJA,TALAVERA,PANTOC BULAC
NUEVA ECIJA,TALAVERA,PINAGPANAAN
NUEVA ECIJA,TALAVERA,POBLACION SUR
NUEVA ECIJA,TALAVERA,PULA
NUEVA ECIJA,TALAVERA,PULONG SAN MIGUEL (POB.)
NUEVA ECIJA,TALAVERA,SAMPALOC
NUEVA ECIJA,TALAVERA,SAN MIGUEL NA MUNTI
NUEVA ECIJA,TALAVERA,SAN PASCUAL
NUEVA ECIJA,TALAVERA,SAN RICARDO
NUEVA ECIJA,TALAVERA,SIBUL
NUEVA ECIJA,TALAVERA,SICSICAN MATANDA
NUEVA ECIJA,TALAVERA,TABACAO
NUEVA ECIJA,TALAVERA,TAGAYTAY
NUEVA ECIJA,TALAVERA,VALLE
NUEVA ECIJA,TALUGTUG,ALULA
NUEVA ECIJA,TALUGTUG,BAYBAYABAS
NUEVA ECIJA,TALUGTUG,BUTED
NUEVA ECIJA,TALUGTUG,CABIANGAN
NUEVA ECIJA,TALUGTUG,CALISITAN
NUEVA ECIJA,TALUGTUG,CINENSE
NUEVA ECIJA,TALUGTUG,CULIAT
NUEVA ECIJA,TALUGTUG,MAASIN
NUEVA ECIJA,TALUGTUG,MAGSAYSAY (POB.)
NUEVA ECIJA,TALUGTUG,MAYAMOT I
NUEVA ECIJA,TALUGTUG,MAYAMOT II
NUEVA ECIJA,TALUGTUG,NANGABULAN
NUEVA ECIJA,TALUGTUG,OSMEÑA (POB.)
NUEVA ECIJA,TALUGTUG,PANGIT
NUEVA ECIJA,TALUGTUG,PATOLA
NUEVA ECIJA,TALUGTUG,QUEZON (POB.)
NUEVA ECIJA,TALUGTUG,QUIRINO (POB.)
NUEVA ECIJA,TALUGTUG,ROXAS (POB.)
NUEVA ECIJA,TALUGTUG,SAGUING
NUEVA ECIJA,TALUGTUG,SAMPALOC
NUEVA ECIJA,TALUGTUG,SANTA CATALINA
NUEVA ECIJA,TALUGTUG,SANTO DOMINGO
NUEVA ECIJA,TALUGTUG,SARINGAYA
NUEVA ECIJA,TALUGTUG,SAVERONA
NUEVA ECIJA,TALUGTUG,TANDOC
NUEVA ECIJA,TALUGTUG,TIBAG
NUEVA ECIJA,TALUGTUG,VILLA ROSARIO
NUEVA ECIJA,TALUGTUG,VILLA BOADO
NUEVA ECIJA,ZARAGOZA,BATITANG
NUEVA ECIJA,ZARAGOZA,CARMEN
NUEVA ECIJA,ZARAGOZA,CONCEPCION
NUEVA ECIJA,ZARAGOZA,DEL PILAR
NUEVA ECIJA,ZARAGOZA,GENERAL LUNA
NUEVA ECIJA,ZARAGOZA,H. ROMERO
NUEVA ECIJA,ZARAGOZA,MACARSE
NUEVA ECIJA,ZARAGOZA,MANAUL
NUEVA ECIJA,ZARAGOZA,MAYAMOT
NUEVA ECIJA,ZARAGOZA,PANTOC
NUEVA ECIJA,ZARAGOZA,SAN VICENTE (POB.)
NUEVA ECIJA,ZARAGOZA,SAN ISIDRO
NUEVA ECIJA,ZARAGOZA,SAN RAFAEL
NUEVA ECIJA,ZARAGOZA,SANTA CRUZ
NUEVA ECIJA,ZARAGOZA,SANTA LUCIA OLD
NUEVA ECIJA,ZARAGOZA,SANTA LUCIA YOUNG
NUEVA ECIJA,ZARAGOZA,SANTO ROSARIO OLD
NUEVA ECIJA,ZARAGOZA,SANTO ROSARIO YOUNG
NUEVA ECIJA,ZARAGOZA,VALERIANA
NUEVA VIZCAYA,ALFONSO CASTANEDA,ABUYO
NUEVA VIZCAYA,ALFONSO CASTANEDA,GALINTUJA
NUEVA VIZCAYA,ALFONSO CASTANEDA,CAUAYAN
NUEVA VIZCAYA,ALFONSO CASTANEDA,LIPUGA
NUEVA VIZCAYA,ALFONSO CASTANEDA,LUBLUB (POB.)
NUEVA VIZCAYA,ALFONSO CASTANEDA,PELAWAY
